"assembly","sample","design","raw total sequences","filtered sequences","sequences","is sorted","1st fragments","last fragments","reads mapped","reads mapped and paired","reads unmapped","reads properly paired","reads paired","reads duplicated","reads MQ0","reads QC failed","non-primary alignments","total length","total first fragment length","total last fragment length","bases mapped","bases mapped (cigar)","bases trimmed","bases duplicated","mismatches","error rate","average length","average first fragment length","average last fragment length","maximum length","maximum first fragment length","maximum last fragment length","average quality","insert size average","insert size standard deviation","inward oriented pairs","outward oriented pairs","pairs with other orientation","pairs on different chromosomes","percentage of properly paired reads (%)"
"hg38","PM00110.1.1_gDNA","Prostate cancer
3Mb panel",48482340,0,48482340,1,24199680,24282660,48283510,48273790,198826,47901330,48482340,0,852914,0,244228,7120106000,3553700000,3566406000,7090114000,7039234000,0,0,32727210,0.004649258,146,147,147,151,151,151,31.1,189.2,44.9,21560600,2415308,4738,156253,98.8
"hg38","PM00627.1.1_gDNA","Prostate cancer
3Mb panel",7358527,0,7358527,1,3671429,3687098,7328481,7316972,30046,7162012,7358527,0,160143,0,34387,1041686000,519594100,522091500,1037152000,1009948000,0,0,10742700,0.01063689,141,142,142,151,151,151,28.8,192.5,69.7,3027079,557017,2167,72223,97.3
"hg38","PM00124.1.1_gDNA","Prostate cancer
3Mb panel",76597240,0,76597240,1,38138150,38459090,76025850,76007490,571390,74496980,76597240,0,2013785,0,875240,11349040000,5650249000,5698788000,11262800000,11145100000,0,0,58489100,0.005247966,148,148,148,151,151,151,28.3,202.7,48.2,34670870,2617630,23375,691865,97.3
"hg38","PM00193.1.1_gDNA","Prostate cancer
3Mb panel",14304980,0,14304980,1,7125885,7179090,14202420,14166140,102551,14039710,14304980,0,284201,0,55035,2019441000,1005336000,1014105000,2004011000,1979861000,0,0,21583410,0.01090148,141,141,141,151,151,151,28.8,193.5,71.6,5902361,1122540,2094,56073,98.1
"hg38","PM00262.1.1_gDNA","Prostate cancer
3Mb panel",15826590,0,15826590,1,7870226,7956362,15669480,15615630,157108,15503530,15826590,0,308712,0,34301,2284426000,1135361000,1149065000,2260757000,2226542000,0,0,29486390,0.01324314,144,144,144,151,151,151,28.8,205.4,72.9,6760533,996175,1891,49218,98
"hg38","PM00407.1.1_gDNA","Prostate cancer
3Mb panel",5841116,0,5841116,1,2914110,2927006,5815940,5805948,25176,5767102,5841116,0,127472,0,17740,820425600,409192000,411233600,816627100,794801400,0,0,8813057,0.01108838,140,140,140,151,151,151,28.6,190.8,70.9,2417207,468547,731,16489,98.7
"hg38","PM00433.1.1_gDNA","Prostate cancer
3Mb panel",6625453,0,6625453,1,3307388,3318065,6604514,6596392,20939,6506564,6625453,0,127036,0,20067,941724100,470012700,471711400,938565700,919353000,0,0,9630423,0.01047522,142,142,142,151,151,151,28.6,209,85.3,2812209,452384,1107,32496,98.2
"hg38","PM00644.1.1_gDNA","Prostate cancer
3Mb panel",13749580,0,13749580,1,6840155,6909424,13631780,13591700,117800,13462630,13749580,0,256812,0,31333,1982060000,985522800,996537000,1964318000,1937413000,0,0,24331910,0.01255897,144,144,144,151,151,151,29,204.4,71.8,5879920,856632,1995,57304,97.9
"hg38","PM00829.1.1_gDNA","Prostate cancer
3Mb panel",5977835,0,5977835,1,2983387,2994448,5957036,5949104,20799,5913048,5977835,0,122387,0,19551,835655800,416943600,418712100,832519400,810766000,0,0,9132948,0.01126459,139,140,140,151,151,151,28,187,69.1,2452672,505759,801,15320,98.9
"hg38","PM00205.1.2_gDNA","Prostate cancer
3Mb panel",72161460,0,72161460,1,35911280,36250180,71634200,71617080,527255,70237710,72161460,0,2121685,0,859523,10589680000,5269054000,5320626000,10510130000,10399020000,0,0,52970420,0.005093791,146,147,147,151,151,151,28.6,192.9,47.9,31708060,3449100,21975,629412,97.3
"hg38","PM00364.1.1_gDNA","Prostate cancer
3Mb panel",16538740,0,16538740,1,8224274,8314470,16391600,16346960,147146,16224510,16538740,0,358491,0,38754,2244174000,1114436000,1129738000,2222091000,2192879000,0,0,26825600,0.01223305,135,136,136,151,151,151,26.7,166.4,59.5,6248935,1872832,1688,50024,98.1
"hg38","PM00779.1.2_gDNA","Prostate cancer
3Mb panel",12200690,0,12200690,1,6083903,6116788,12138350,12118720,62341,12009690,12200690,0,252071,0,34674,1688313000,841373800,846938900,1678944000,1663487000,0,0,14215490,0.008545598,138,138,138,151,151,151,30,178,64.1,4833731,1175000,1588,49041,98.4
"hg38","PM01016.1.1_gDNA","Prostate cancer
3Mb panel",14919350,0,14919350,1,7448795,7470557,14879450,14864810,39899,14769260,14919350,0,279799,0,36207,2111674000,1054096000,1057578000,2105658000,2083339000,0,0,14404820,0.006914295,141,142,142,151,151,151,30.7,201.8,77.5,6308663,1079645,1685,42410,99
"hg38","PM00120.1.1_gDNA","Prostate cancer
3Mb panel",71807770,0,71807770,1,35775460,36032320,71443380,71430070,364398,70241810,71807770,0,1826752,0,741925,10593010000,5277034000,5315975000,10538030000,10437310000,0,0,55767530,0.005343094,147,148,148,151,151,151,28.1,196.7,47.3,32204450,2952029,17303,541254,97.8
"hg38","PM00459.1.1_gDNA","Prostate cancer
3Mb panel",55720580,0,55720580,1,27719030,28001550,55296210,55282370,424374,54218390,55720580,0,1700257,0,675858,8148322000,4052744000,4095578000,8084305000,8001030000,0,0,52303380,0.006537082,146,146,146,151,151,151,27.3,185.4,43.6,24142550,2991023,17520,490093,97.3
"hg38","PM00262.1.2_cfDNA","Prostate cancer
3Mb panel",36057260,0,36057260,1,17840670,18216590,35574750,35499890,482506,35117750,36057260,0,710493,0,94356,5399715000,2671425000,2728290000,5326875000,5244304000,0,0,62963500,0.01200607,149,150,150,151,151,151,28.8,226.8,96.9,16728460,896388,4960,120143,97.4
"hg38","PM00364.1.1_cfDNA","Prostate cancer
3Mb panel",55634190,0,55634190,1,27414120,28220080,54619570,54482060,1014625,53588700,55634190,0,967960,0,151725,8310455000,4094285000,4216169000,8157294000,8015291000,0,0,111666900,0.01393173,149,149,149,151,151,151,28.3,228.2,103,25168310,1751316,10681,310719,96.3
"hg38","PM00644.1.1_cfDNA","Prostate cancer
3Mb panel",33106870,0,33106870,1,16468520,16638350,32865380,32818510,241490,32457490,33106870,0,619036,0,84264,4940409000,2457330000,2483079000,4903957000,4848955000,0,0,47222710,0.009738741,149,149,149,151,151,151,29.4,222.8,98.5,15198520,1105608,3841,101288,98
"hg38","PM00644.1.2_cfDNA","Prostate cancer
3Mb panel",33631770,0,33631770,1,16681470,16950300,33265680,33197540,366086,28932440,33631770,0,712281,0,92237,5026138000,2492719000,2533418000,4970877000,4911445000,0,0,49826980,0.01014507,149,149,149,151,151,151,30,209.4,84.7,15399100,1046980,14499,138194,86
"hg38","PM00407.1.1_cfDNA","Prostate cancer
3Mb panel",31027040,0,31027040,1,15338470,15688560,30591620,30524920,435422,29940210,31027040,0,671366,0,127202,4643875000,2295511000,2348364000,4578132000,4428840000,0,0,59158640,0.01335759,149,150,150,151,151,151,27.8,225.1,94,14274630,839257,7034,141541,96.5
"hg38","PM00433.1.1_cfDNA","Prostate cancer
3Mb panel",32592600,0,32592600,1,16250460,16342140,32458320,32430630,134279,29495490,32592600,0,697771,0,111348,4865288000,2425729000,2439559000,4845017000,4749369000,0,0,47742480,0.01005238,149,149,149,151,151,151,28.9,208.7,87,15036130,1050025,11605,117560,90.5
"hg38","PM00627.1.1_cfDNA","Prostate cancer
3Mb panel",27875100,0,27875100,1,13824440,14050660,27565720,27502260,309379,24745300,27875100,0,636380,0,117257,4110893000,2038316000,2072576000,4064185000,3941795000,0,0,48724980,0.01236111,147,147,148,151,151,151,27.9,194.5,76.7,11996890,1601371,12388,140479,88.8
"hg38","PM00829.1.1_cfDNA","Prostate cancer
3Mb panel",33204940,0,33204940,1,16524970,16679980,33000080,32970110,204868,31705100,33204940,0,672845,0,122331,4957144000,2466875000,2490268000,4926214000,4806422000,0,0,55479060,0.01154269,149,149,149,151,151,151,28.7,214.9,90.1,15259160,1069064,8450,148384,95.5
"hg38","PM00120.2.1_cfDNA","Prostate cancer
3Mb panel",27788530,0,27788530,1,13825460,13963070,27597900,27560750,190631,24971790,27788530,0,591677,0,73738,4150238000,2064731000,2085506000,4121456000,4026575000,0,0,46136090,0.0114579,149,149,149,151,151,151,29,203.2,76.8,12706120,966872,9512,97871,89.9
"hg38","PM00124.2.1_cfDNA","Prostate cancer
3Mb panel",28608480,0,28608480,1,14268360,14340120,28505120,28486470,103358,28284750,28608480,0,580227,0,84213,4253460000,2121309000,2132151000,4237856000,4152115000,0,0,42390280,0.01020932,148,149,149,151,151,151,28.9,214.2,84.9,12985590,1185725,2945,68980,98.9
"hg38","PM00205.1.2_cfDNA","Prostate cancer
3Mb panel",41438790,0,41438790,1,20660740,20778040,41273700,41253170,165082,39977090,41438790,0,878212,0,123196,6126513000,3054376000,3072137000,6101592000,5989181000,0,0,56951770,0.009509109,147,148,148,151,151,151,29.6,201.9,76.3,18446010,2073246,7072,100256,96.5
"hg38","PM00205.1.3_cfDNA","Prostate cancer
3Mb panel",26297670,0,26297670,1,13126140,13171530,26231140,26218230,66534,24308420,26297670,0,557220,0,83475,3874832000,1933971000,1940861000,3864790000,3797022000,0,0,35638550,0.009385923,147,147,147,151,151,151,29.8,191.4,66.2,11548640,1482014,7115,71352,92.4
"hg38","PM00364.2.1_cfDNA","Prostate cancer
3Mb panel",37584330,0,37584330,1,18630280,18954050,37164480,37089300,419851,36508070,37584330,0,762923,0,106646,5622479000,2786798000,2835681000,5559089000,5422183000,0,0,64921010,0.01197322,149,150,150,151,151,151,28.1,223.1,92.6,17422790,991248,6568,124041,97.1
"hg38","PM00459.2.1_cfDNA","Prostate cancer
3Mb panel",38486420,0,38486420,1,19193900,19292510,38339540,38315050,146880,35988950,38486420,0,834618,0,120527,5701447000,2843269000,2858177000,5679274000,5570786000,0,0,54157290,0.009721661,148,148,148,151,151,151,29.4,197.4,72.9,17054740,1977171,9957,115657,93.5
"hg38","PM00779.2.1_cfDNA","Prostate cancer
3Mb panel",23962190,0,23962190,1,11925060,12037130,23799160,23764170,163036,23466810,23962190,0,487261,0,72466,3570899000,1776983000,1793916000,3546285000,3457170000,0,0,40994850,0.01185792,149,149,149,151,151,151,28.6,217.6,90.2,10864500,920992,3994,92602,97.9
"T2T-CHM13","PM00110.1.1_gDNA","Prostate cancer
3Mb panel",48523590,0,48523590,1,24221260,24302330,48328390,48318730,195202,47971770,48523590,0,1019979,0,321657,7126069000,3556822000,3569247000,7096622000,7044496000,0,0,31026080,0.0044043,146,147,147,151,151,151,32.6,189.3,44.8,21598340,2412199,4269,144561,98.9
"T2T-CHM13","PM00627.1.1_gDNA","Prostate cancer
3Mb panel",7362441,0,7362441,1,3673508,3688933,7332773,7321332,29668,7166752,7362441,0,178383,0,42457,1042233000,519885000,522348200,1037757000,1010386000,0,0,10633770,0.01052446,141,142,142,151,151,151,29.3,192.6,69.7,3029621,556916,2083,72046,97.3
"T2T-CHM13","PM00124.1.1_gDNA","Prostate cancer
3Mb panel",76852840,0,76852840,1,38269230,38583610,76292270,76274150,560574,74758920,76852840,0,2527273,0,1273596,11386720000,5669569000,5717152000,11302110000,11174160000,0,0,54539160,0.004880831,148,148,148,151,151,151,29.5,202.9,48.2,34804880,2615489,21546,695163,97.3
"T2T-CHM13","PM00193.1.1_gDNA","Prostate cancer
3Mb panel",14308680,0,14308680,1,7128001,7180684,14206860,14170580,101826,14046220,14308680,0,321004,0,57998,2019957000,1005633000,1014325000,2004636000,1980828000,0,0,21034200,0.01061889,141,141,141,151,151,151,29.4,193.5,71.6,5905892,1122255,1969,55172,98.2
"T2T-CHM13","PM00262.1.1_gDNA","Prostate cancer
3Mb panel",15831000,0,15831000,1,7872829,7958174,15674750,15620810,156252,15511220,15831000,0,342149,0,41065,2285059000,1135735000,1149324000,2261518000,2227510000,0,0,29004530,0.01302106,144,144,144,151,151,151,28.7,205.5,72.9,6764569,995849,1666,48319,98
"T2T-CHM13","PM00407.1.1_gDNA","Prostate cancer
3Mb panel",5843524,0,5843524,1,2915408,2928116,5818622,5808644,24902,5770954,5843524,0,142837,0,21878,820758200,409371600,411386600,817000800,795172900,0,0,8664295,0.01089611,140,140,140,151,151,151,29.1,190.9,70.9,2419010,468659,639,16014,98.8
"T2T-CHM13","PM00433.1.1_gDNA","Prostate cancer
3Mb panel",6628868,0,6628868,1,3309182,3319686,6608194,6600140,20674,6511788,6628868,0,146744,0,24857,942201700,470264200,471937500,939083400,919869100,0,0,9453775,0.0102773,142,142,142,151,151,151,28.6,209.1,85.3,2814917,452080,1057,32016,98.2
"T2T-CHM13","PM00644.1.1_gDNA","Prostate cancer
3Mb panel",13754140,0,13754140,1,6842769,6911375,13636960,13596800,117185,13469730,13754140,0,295277,0,35917,1982704000,985892900,996811300,1965055000,1938262000,0,0,24059750,0.01241305,144,144,144,151,151,151,28.7,204.4,71.7,5883275,856499,1768,56858,97.9
"T2T-CHM13","PM00829.1.1_gDNA","Prostate cancer
3Mb panel",5980898,0,5980898,1,2985020,2995878,5960395,5952458,20503,5917414,5980898,0,138198,0,23576,836079500,417170300,418909200,832986900,811238300,0,0,8941778,0.01102238,139,140,140,151,151,151,27.6,187,69,2454916,505693,686,14934,98.9
"T2T-CHM13","PM00205.1.2_gDNA","Prostate cancer
3Mb panel",72420970,0,72420970,1,36044380,36376590,71903830,71886850,517140,70513220,72420970,0,2648455,0,1227263,10627780000,5288590000,5339194000,10549760000,10430090000,0,0,49624140,0.004757788,146,147,147,151,151,151,29.2,192.9,47.8,31841240,3453811,19863,628518,97.4
"T2T-CHM13","PM00364.1.1_gDNA","Prostate cancer
3Mb panel",16545910,0,16545910,1,8228246,8317666,16399470,16354570,146446,16234550,16545910,0,404104,0,41925,2245133000,1114971000,1130161000,2223154000,2194273000,0,0,26258300,0.01196674,135,136,136,151,151,151,26.3,166.5,59.5,6253907,1872635,1585,49160,98.1
"T2T-CHM13","PM00779.1.2_gDNA","Prostate cancer
3Mb panel",12205070,0,12205070,1,6086249,6118824,12143010,12123320,62059,12015960,12205070,0,282980,0,35948,1688906000,841692200,847213800,1679579000,1664309000,0,0,14018330,0.00842291,138,138,138,151,151,151,30.9,178,64.1,4836422,1175358,1549,48333,98.5
"T2T-CHM13","PM01016.1.1_gDNA","Prostate cancer
3Mb panel",14924070,0,14924070,1,7451352,7472722,14884550,14869830,39528,14776990,14924070,0,309332,0,44321,2112326000,1054450000,1057876000,2106367000,2084077000,0,0,14041920,0.006737714,141,142,142,151,151,151,31.6,201.9,77.5,6312549,1079573,1487,41306,99
"T2T-CHM13","PM00120.1.1_gDNA","Prostate cancer
3Mb panel",72028730,0,72028730,1,35888520,36140220,71673700,71660590,355034,70484400,72028730,0,2314926,0,1028275,10625520000,5293658000,5331859000,10571940000,10464850000,0,0,52208400,0.00498893,147,148,148,151,151,151,28.9,196.8,47.2,32325450,2952076,15839,536926,97.9
"T2T-CHM13","PM00459.1.1_gDNA","Prostate cancer
3Mb panel",55954160,0,55954160,1,27838710,28115460,55538250,55524480,415909,54440600,55954160,0,2143941,0,1005855,8182567000,4070275000,4112293000,8119825000,8028098000,0,0,48796030,0.006078156,146,146,146,151,151,151,27,185.5,43.5,24249240,2996069,16233,500698,97.3
"T2T-CHM13","PM00262.1.2_cfDNA","Prostate cancer
3Mb panel",36092430,0,36092430,1,17859490,18232940,35612580,35537620,479848,35160280,36092430,0,788757,0,117696,5404985000,2674246000,2730739000,5332546000,5249657000,0,0,61971800,0.01180492,149,150,150,151,151,151,29.3,226.8,96.8,16749850,895672,4412,118874,97.4
"T2T-CHM13","PM00364.1.1_cfDNA","Prostate cancer
3Mb panel",55705170,0,55705170,1,27451540,28253640,54694840,54557260,1010328,53669460,55705170,0,1114359,0,196217,8321067000,4099881000,4221186000,8168553000,8025219000,0,0,110008100,0.0137078,149,149,149,151,151,151,28.9,228.2,103,25206420,1752201,9642,310367,96.3
"T2T-CHM13","PM00644.1.1_cfDNA","Prostate cancer
3Mb panel",33133590,0,33133590,1,16482460,16651130,32893500,32846520,240091,32492780,33133590,0,696516,0,92854,4944401000,2459415000,2484987000,4908160000,4853546000,0,0,46556480,0.009592262,149,149,149,151,151,151,30,222.8,98.4,15216390,1104450,3434,98983,98.1
"T2T-CHM13","PM00644.1.2_cfDNA","Prostate cancer
3Mb panel",33664650,0,33664650,1,16698730,16965920,33300630,33232390,364020,28983000,33664650,0,797845,0,103221,5031057000,2495303000,2535754000,4976107000,4916985000,0,0,49079080,0.009981541,149,149,149,151,151,151,29.8,209.4,84.7,15418840,1046082,16111,135166,86.1
"T2T-CHM13","PM00407.1.1_cfDNA","Prostate cancer
3Mb panel",31060750,0,31060750,1,15356300,15704440,30627980,30561420,432769,29980020,31060750,0,751905,0,180316,4648936000,2298188000,2350748000,4583593000,4432899000,0,0,58367280,0.01316684,149,150,150,151,151,151,28.2,225.2,94,14296540,837486,6333,140350,96.5
"T2T-CHM13","PM00433.1.1_cfDNA","Prostate cancer
3Mb panel",32620450,0,32620450,1,16264850,16355600,32488140,32460710,132309,29550290,32620450,0,777889,0,129367,4869475000,2427892000,2441583000,4849502000,4754531000,0,0,46717880,0.009825971,149,149,149,151,151,151,29.6,208.8,87.1,15055930,1048588,13018,112817,90.6
"T2T-CHM13","PM00627.1.1_cfDNA","Prostate cancer
3Mb panel",27898540,0,27898540,1,13836770,14061770,27591150,27527860,307385,24775690,27898540,0,703501,0,150209,4114355000,2040139000,2074216000,4067948000,3944923000,0,0,48336460,0.01225283,147,147,148,151,151,151,28.3,194.6,76.8,12010670,1601241,13154,138863,88.8
"T2T-CHM13","PM00829.1.1_cfDNA","Prostate cancer
3Mb panel",33245310,0,33245310,1,16545980,16699330,33042930,33013100,202383,31758040,33245310,0,769432,0,160764,4963207000,2470031000,2493175000,4932651000,4812248000,0,0,54586180,0.01134318,149,149,149,151,151,151,29.2,215,90.2,15283640,1068165,8697,146052,95.5
"T2T-CHM13","PM00120.2.1_cfDNA","Prostate cancer
3Mb panel",27808800,0,27808800,1,13836130,13972670,27619780,27582800,189014,25015230,27808800,0,651532,0,97719,4153285000,2066336000,2086949000,4124748000,4029587000,0,0,45269830,0.01123436,149,149,149,151,151,151,29.5,203.3,76.9,12719670,966333,10905,94492,90
"T2T-CHM13","PM00124.2.1_cfDNA","Prostate cancer
3Mb panel",28624380,0,28624380,1,14276720,14347660,28522320,28503830,102060,28309700,28624380,0,635647,0,100211,4255821000,2122551000,2133269000,4240412000,4154788000,0,0,41668520,0.01002904,148,149,149,151,151,151,29.4,214.3,85,12998340,1184787,2777,66010,98.9
"T2T-CHM13","PM00205.1.2_cfDNA","Prostate cancer
3Mb panel",41497070,0,41497070,1,20690470,20806600,41333740,41313310,163335,40049680,41497070,0,1002045,0,149221,6135105000,3058759000,3076346000,6110448000,5997846000,0,0,56125690,0.009357641,147,148,148,151,151,151,30.1,201.9,76.3,18478620,2075097,7071,95864,96.5
"T2T-CHM13","PM00205.1.3_cfDNA","Prostate cancer
3Mb panel",26321540,0,26321540,1,13138410,13183130,26256060,26243220,65478,24337350,26321540,0,620556,0,93960,3878336000,1935773000,1942563000,3868453000,3800986000,0,0,35067630,0.009225929,147,147,147,151,151,151,30.2,191.5,66.2,11563710,1482117,7498,68282,92.5
"T2T-CHM13","PM00364.2.1_cfDNA","Prostate cancer
3Mb panel",37620490,0,37620490,1,18649820,18970670,37204500,37129670,415998,36552240,37620490,0,854838,0,169138,5627899000,2789729000,2838170000,5565090000,5426266000,0,0,63407630,0.01168532,149,150,150,151,151,151,28.9,223.2,92.6,17446240,989603,5757,123237,97.2
"T2T-CHM13","PM00459.2.1_cfDNA","Prostate cancer
3Mb panel",38528800,0,38528800,1,19215570,19313240,38383580,38359260,145219,36043860,38528800,0,940310,0,141080,5707738000,2846485000,2861252000,5685816000,5577452000,0,0,52877450,0.009480573,148,148,148,151,151,151,30,197.4,72.9,17079800,1976630,10549,112650,93.6
"T2T-CHM13","PM00779.2.1_cfDNA","Prostate cancer
3Mb panel",23986170,0,23986170,1,11937580,12048600,23824440,23789540,161735,23496760,23986170,0,561917,0,99965,3574477000,1778851000,1795626000,3550059000,3460295000,0,0,40420180,0.01168114,149,149,149,151,151,151,29,217.6,90.1,10878920,920453,3822,91574,98
"hg38","PMB2_11_GDNA_S2","Breast cancer
WES",85303360,0,85303360,1,42651680,42651680,85240260,85239590,63105,84738080,85303360,0,13383040,0,44856,8602674000,4302056000,4300618000,8596336000,8591034000,0,0,19982920,0.002326021,100,101,101,101,101,101,30.7,223.6,52.2,42420550,75582,17261,106400,99.3
"hg38","PMB2_15_GDNA_S3","Breast cancer
WES",88938390,0,88938390,1,44469180,44469210,88814660,88814010,123734,88474860,88938390,0,14320110,0,44710,8969292000,4485342000,4483950000,8956835000,8951596000,0,0,20777460,0.00232109,100,101,101,101,101,101,30.5,222.6,49.9,44205490,72666,10683,118165,99.5
"hg38","PMB2_9_GDNA_S1","Breast cancer
WES",84047220,0,84047220,1,42023620,42023610,83941450,83940940,105770,83657070,84047220,0,13549480,0,30646,8476072000,4238793000,4237279000,8465427000,8461048000,0,0,19271500,0.002277673,100,101,101,101,101,101,30.9,228.1,51.8,41811180,60330,8336,90624,99.5
"hg38","PMB2_10_GDNA_S1","Breast cancer
WES",93454640,0,93454640,1,46727290,46727350,93046880,93046360,407761,91872400,93454640,0,15186210,0,372085,9423794000,4712234000,4711560000,9382704000,9362419000,0,0,20532010,0.002193025,100,101,101,101,101,101,31.5,200.2,44,45896100,127220,29892,469969,98.3
"hg38","PMB2_18_GDNA_S2","Breast cancer
WES",91066070,0,91066070,1,45532960,45533110,90980920,90980340,85151,89570820,91066070,0,14470730,0,245964,9181610000,4591006000,4590604000,9173070000,9158372000,0,0,19642570,0.002144767,100,101,101,101,101,101,31.4,188.7,43.3,44912750,188556,47339,341525,98.4
"hg38","PMB2_26_GDNA_S3","Breast cancer
WES",99979820,0,99979820,1,49989890,49989930,99676120,99675640,303696,98467660,99979820,0,16873240,0,430089,10082160000,5041303000,5040858000,10051580000,10028910000,0,0,21695150,0.00216326,100,101,101,101,101,101,31.4,196.6,42.1,49162470,140245,32585,502522,98.5
"hg38","PMB2_30_GDNA_S1","Breast cancer
WES",82151970,0,82151970,1,41075990,41075980,81992450,81991690,159523,80673400,82151970,0,12951180,0,506088,8282504000,4141363000,4141141000,8266449000,8242980000,0,0,17856580,0.002166278,100,101,101,101,101,101,31.5,204.7,46.5,40312800,118297,31464,533290,98.2
"hg38","PMB2_40_GDNA_S2","Breast cancer
WES",71152580,0,71152580,1,35576260,35576320,70924610,70923680,227965,69136120,71152580,0,11113780,0,697662,7174157000,3587139000,3587018000,7151193000,7121141000,0,0,15416750,0.002164927,100,101,101,101,101,101,31.3,206.7,45.8,34558680,93279,42276,767610,97.2
"hg38","PMB2_44_GDNA_S3","Breast cancer
WES",72802100,0,72802100,1,36401050,36401050,72490180,72489500,311922,71217730,72802100,0,11855280,0,386179,7339443000,3669750000,3669693000,7308014000,7288408000,0,0,16002150,0.002195562,100,101,101,101,101,101,31.1,201.4,45.8,35571930,109350,27171,536301,97.8
"hg38","PMB2_12_GDNA_S2","Breast cancer
WES",88913900,0,88913900,1,44456920,44456990,88858770,88858270,55132,87724390,88913900,0,14594700,0,121063,8962303000,4480975000,4481328000,8956770000,8947242000,0,0,19262200,0.002152865,100,101,101,101,101,101,32,211.6,47.8,43935670,88019,27246,378197,98.7
"hg38","PMB2_14_GDNA_S3","Breast cancer
WES",108922800,0,108922800,1,54461360,54461400,108790800,108790200,131932,108185600,108922800,0,17463780,0,88675,10979120000,5489267000,5489852000,10965840000,10957410000,0,0,23696210,0.002162574,100,101,101,101,101,101,31.9,210.3,45.3,54072510,91070,17594,213929,99.3
"hg38","PMB2_2_GDNA_S1","Breast cancer
WES",123393400,0,123393400,1,61696670,61696740,123263900,123263100,129466,122564200,123393400,0,19377430,0,68081,12437690000,6218952000,6218733000,12424660000,12416770000,0,0,27139510,0.002185714,100,101,101,101,101,101,32,228.9,51.7,61298820,81775,18871,232068,99.3
"hg38","PMB2_36_GDNA_S4","Breast cancer
WES",95439000,0,95439000,1,47719470,47719530,95221410,95220600,217595,93822500,95439000,0,14715120,0,84554,9619356000,4810456000,4808900000,9597422000,9589091000,0,0,21908570,0.002284739,100,101,101,101,101,101,31.7,267,62.7,46909600,43854,23610,633236,98.3
"hg38","PMB2_26_2_CFDNA_S5","Breast cancer
WES",559573100,0,559573100,1,279782800,279790400,558471300,558461200,1101878,528790300,559573100,0,97036360,0,2994497,56392720000,28217400000,28175320000,56282240000,56103410000,0,0,143854500,0.002564095,100,101,101,101,101,101,31.5,281.7,134.9,264944700,696720,669202,12919960,94.5
"hg38","PMB2_26_3_CFDNA_S6","Breast cancer
WES",536954400,0,536954400,1,268470400,268484000,535893300,535877500,1061112,447548900,536954400,0,94765890,0,1100824,54121790000,27076780000,27045010000,54015560000,53934030000,0,0,130999200,0.002428879,100,101,101,101,101,101,32,329.6,819.6,225881700,1261666,1276383,39518980,83.3
"hg38","PMB2_26_CFDNA_S4","Breast cancer
WES",323176700,0,323176700,1,161586400,161590400,322307600,322300700,869114,310806900,323176700,0,57543840,0,1114376,32568140000,16295190000,16272950000,32480870000,32395950000,0,0,81850310,0.00252656,100,101,101,101,101,101,31.6,270.9,137.2,155875100,417736,338295,4519185,96.2
"hg38","PMB2_30_2_CFDNA_S7","Breast cancer
WES",442454900,0,442454900,1,221225900,221229000,441279400,441261500,1175502,428306400,442454900,0,49985390,0,934519,44595860000,22304980000,22290880000,44477920000,44394490000,0,0,109854700,0.002474512,100,101,101,101,101,101,31.4,244.5,126.8,215487000,770793,290664,4082252,96.8
"hg38","PMB2_30_CFDNA_S6","Breast cancer
WES",378315200,0,378315200,1,189156500,189158700,376919100,376905400,1396061,369105300,378315200,0,43937190,0,834521,38133850000,19073160000,19060690000,37993690000,37915250000,0,0,94464480,0.002491464,100,101,101,101,101,101,31.4,248,122.2,185237100,529845,215586,2470170,97.6
"hg38","PMB2_36_2_CFDNA_S4","Breast cancer
WES",441703500,0,441703500,1,220850100,220853300,440692900,440676100,1010539,416771000,441703500,0,52476430,0,901141,44523900000,22269500000,22254410000,44422430000,44344010000,0,0,109582900,0.0024712,100,101,101,101,101,101,31.6,244.5,121.3,209743700,661533,430093,9502726,94.4
"hg38","PMB2_36_3_CFDNA_S5","Breast cancer
WES",406821900,0,406821900,1,203410200,203411700,406089800,406079500,732085,399482400,406821900,0,48049310,0,722739,41003310000,20509820000,20493490000,40929860000,40858800000,0,0,103049100,0.002522079,100,101,101,101,101,101,31.5,263.2,132.6,200385500,490515,187542,1976156,98.2
"hg38","PMB2_15_2_CFDNA_S6","Breast cancer
WES",502286500,0,502286500,1,251141700,251144800,501722800,501715500,563682,475560600,502286500,0,87554830,0,3244009,50595200000,25302430000,25292770000,50538710000,50383180000,0,0,121454800,0.002410623,100,101,101,101,101,101,31.7,244.4,121.9,239594200,1073541,640123,9549937,94.7
"hg38","PMB2_36_CFDNA_S7","Breast cancer
WES",402318100,0,402318100,1,201158200,201160000,401846500,401842700,471645,392934500,402318100,0,71848000,0,501043,40538970000,20273540000,20265430000,40491640000,40449730000,0,0,91767110,0.002268671,100,101,101,101,101,101,31.9,250.2,121.9,196967000,712326,215730,3026260,97.7
"hg38","PMB2_8_2_CFDNA_S5","Breast cancer
WES",474648200,0,474648200,1,237322300,237325900,474150100,474144100,498020,454874400,474648200,0,86341250,0,905209,47819160000,23914780000,23904380000,47769270000,47707380000,0,0,108703300,0.002278542,100,101,101,101,101,101,32.1,244,125.2,228793100,1164872,423061,6691073,95.8
"hg38","PMB2_11_CFDNA_S5","Breast cancer
WES",421778800,0,421778800,1,210887200,210891600,421331500,421324300,447309,404273700,421778800,0,68931850,0,745138,42521700000,21268810000,21252890000,42476920000,42426550000,0,0,105860100,0.002495139,100,101,101,101,101,101,30.5,243.9,122.8,203711800,742849,384994,5822492,95.8
"hg38","PMB2_15_CFDNA_S6","Breast cancer
WES",424489000,0,424489000,1,212241500,212247500,423990800,423984800,498260,391765200,424489000,0,73797780,0,1094283,42785750000,21399090000,21386660000,42735840000,42671560000,0,0,104155200,0.002440858,100,101,101,101,101,101,30.4,323.5,858.5,206576800,1517267,1302651,2595734,92.3
"hg38","PMB2_9_CFDNA_S4","Breast cancer
WES",418641100,0,418641100,1,209318500,209322500,418189900,418184400,451169,403390100,418641100,0,72137040,0,1028187,42196600000,21105180000,21091420000,42151390000,42088680000,0,0,104182100,0.0024753,100,101,101,101,101,101,30.4,235.2,121.2,205330000,1136844,577432,2047903,96.4
"T2T-CHM13","PMB2_11_GDNA_S2","Breast cancer
WES",85616300,0,85616300,1,42808140,42808160,85552580,85552060,63717,85082890,85616300,0,14102280,0,38053,8634186000,4317815000,4316371000,8627786000,8623680000,0,0,18113570,0.002100445,100,101,101,101,101,101,31.3,223.6,52.1,42592560,69797,17355,96321,99.4
"T2T-CHM13","PMB2_15_GDNA_S3","Breast cancer
WES",89272370,0,89272370,1,44636170,44636200,89149060,89148650,123314,88833320,89272370,0,15015150,0,40658,9002938000,4502168000,4500770000,8990523000,8986180000,0,0,19072020,0.002122372,100,101,101,101,101,101,30.9,222.6,49.8,44385190,69755,9649,109728,99.5
"T2T-CHM13","PMB2_9_GDNA_S1","Breast cancer
WES",84365450,0,84365450,1,42182720,42182730,84259220,84258850,106235,83999050,84365450,0,14296760,0,26977,8508136000,4254830000,4253307000,8497444000,8493899000,0,0,17622320,0.002074703,100,101,101,101,101,101,31.1,228.1,51.8,41981890,56534,8105,82896,99.6
"T2T-CHM13","PMB2_10_GDNA_S1","Breast cancer
WES",93784550,0,93784550,1,46892240,46892310,93375900,93375410,408656,92221980,93784550,0,15918760,0,369051,9457031000,4728850000,4728181000,9415850000,9396518000,0,0,18666970,0.001986583,100,101,101,101,101,101,31.7,200.2,44,46072020,122602,30886,462201,98.3
"T2T-CHM13","PMB2_18_GDNA_S2","Breast cancer
WES",91448780,0,91448780,1,45724320,45724460,91363090,91362660,85690,89975060,91448780,0,15351090,0,240669,9220185000,4610292000,4609894000,9211590000,9198088000,0,0,17532810,0.001906137,100,101,101,101,101,101,32.4,188.7,43.2,45115620,184580,48847,332283,98.4
"T2T-CHM13","PMB2_26_GDNA_S3","Breast cancer
WES",100348200,0,100348200,1,50174100,50174120,100043500,100043100,304711,98858280,100348200,0,17626070,0,427394,10119270000,5059858000,5059409000,10088580000,10066940000,0,0,19768780,0.001963732,100,101,101,101,101,101,31.9,196.7,42.1,49359960,135566,31954,494059,98.5
"T2T-CHM13","PMB2_30_GDNA_S1","Breast cancer
WES",82602940,0,82602940,1,41301480,41301460,82442520,82441970,160414,81181190,82602940,0,13910850,0,494731,8327932000,4164077000,4163855000,8311787000,8290571000,0,0,15460300,0.001864805,100,101,101,101,101,101,32.5,204.6,46.3,40565510,106803,32575,516097,98.3
"T2T-CHM13","PMB2_40_GDNA_S2","Breast cancer
WES",71591780,0,71591780,1,35795870,35795900,71363570,71363030,228209,69607190,71591780,0,11958520,0,688922,7218390000,3609255000,3609135000,7195401000,7167198000,0,0,13596510,0.001897047,100,101,101,101,101,101,32.1,206.8,45.6,34797020,85838,41361,757303,97.2
"T2T-CHM13","PMB2_44_GDNA_S3","Breast cancer
WES",73241080,0,73241080,1,36620520,36620560,72928040,72927600,313040,71696020,73241080,0,12765310,0,375899,7383638000,3691844000,3691794000,7352097000,7334432000,0,0,14138160,0.001927642,100,101,101,101,101,101,32.2,201.4,45.7,35811440,100777,27585,524004,97.9
"T2T-CHM13","PMB2_12_GDNA_S2","Breast cancer
WES",89198490,0,89198490,1,44599210,44599280,89142530,89142070,55955,88029120,89198490,0,15401910,0,117665,8990945000,4495293000,4495653000,8985329000,8976573000,0,0,17504740,0.001950047,100,101,101,101,101,101,32.8,211.6,47.7,44087950,83980,28126,370983,98.7
"T2T-CHM13","PMB2_14_GDNA_S3","Breast cancer
WES",109373500,0,109373500,1,54686720,54686760,109241300,109240900,132159,108666500,109373500,0,18449020,0,84071,11024490000,5511944000,5512543000,11011180000,11003730000,0,0,21385540,0.001943481,100,101,101,101,101,101,32.8,210.3,45.2,54314380,86103,14815,205149,99.4
"T2T-CHM13","PMB2_2_GDNA_S1","Breast cancer
WES",123764600,0,123764600,1,61882270,61882300,123636000,123635400,128519,122969400,123764600,0,20361340,0,64435,12475040000,6237628000,6237417000,12462120000,12455160000,0,0,24971850,0.002004939,100,101,101,101,101,101,32.7,228.9,51.6,61501880,76672,17604,221571,99.4
"T2T-CHM13","PMB2_36_GDNA_S4","Breast cancer
WES",95690910,0,95690910,1,47845400,47845510,95473260,95472640,217652,94104810,95690910,0,15398910,0,81047,9644694000,4823123000,4821571000,9622754000,9615292000,0,0,19953030,0.002075135,100,101,101,101,101,101,32.8,267,62.6,47050140,40136,22615,623427,98.3
"T2T-CHM13","PMB2_26_2_CFDNA_S5","Breast cancer
WES",569710300,0,569710300,1,284851700,284858700,568606900,568598800,1103406,538899800,569710300,0,109075200,0,2917155,57413730000,28728330000,28685400000,57303070000,57137200000,0,0,132560900,0.002320045,100,101,101,101,101,101,32.2,281.1,134.4,270032500,647700,686448,12932820,94.6
"T2T-CHM13","PMB2_26_3_CFDNA_S6","Breast cancer
WES",545266900,0,545266900,1,272627000,272639900,544201100,544186400,1065806,455353200,545266900,0,104800500,0,965248,54959380000,27495820000,27463560000,54852660000,54788390000,0,0,117601500,0.002146468,100,101,101,101,101,101,32.9,329.2,820.7,229809800,1219155,1312930,39751330,83.5
"T2T-CHM13","PMB2_26_CFDNA_S4","Breast cancer
WES",328866400,0,328866400,1,164431200,164435200,327995500,327989400,870920,316556400,328866400,0,64357820,0,1075942,33141110000,16581870000,16559240000,33053660000,32975380000,0,0,75692690,0.00229543,100,101,101,101,101,101,32.2,270.2,136.6,158767400,388582,344460,4494225,96.3
"T2T-CHM13","PMB2_30_2_CFDNA_S7","Breast cancer
WES",446386100,0,446386100,1,223191600,223194500,445196600,445179200,1189588,432559800,446386100,0,56092680,0,804628,44992090000,22503140000,22488940000,44872720000,44809990000,0,0,94193320,0.002102061,100,101,101,101,101,101,33,244.2,126.2,217633700,677576,300885,3977415,96.9
"T2T-CHM13","PMB2_30_CFDNA_S6","Breast cancer
WES",381650000,0,381650000,1,190824000,190825900,380242200,380229400,1407799,372763700,381650000,0,49063080,0,721010,38469970000,19241270000,19228700000,38328620000,38268580000,0,0,81101920,0.002119282,100,101,101,101,101,101,32.9,247.7,121.6,187085500,445069,219131,2365055,97.7
"T2T-CHM13","PMB2_36_2_CFDNA_S4","Breast cancer
WES",445766400,0,445766400,1,222881700,222884800,444749100,444734200,1017330,421089000,445766400,0,58467570,0,762184,44933300000,22474260000,22459050000,44831140000,44774700000,0,0,94427780,0.002108954,100,101,101,101,101,101,33.1,244.2,120.6,211926800,572197,439433,9428725,94.5
"T2T-CHM13","PMB2_36_3_CFDNA_S5","Breast cancer
WES",410387000,0,410387000,1,205192800,205194100,409648800,409640100,738201,403402500,410387000,0,53413740,0,610885,41362460000,20689470000,20672990000,41288380000,41236380000,0,0,89738670,0.002176201,100,101,101,101,101,101,32.9,262.9,132,202370400,405390,188713,1855544,98.3
"T2T-CHM13","PMB2_15_2_CFDNA_S6","Breast cancer
WES",514700300,0,514700300,1,257348400,257351800,514158600,514154000,541670,487803600,514700300,0,101526900,0,3213078,51844640000,25927150000,25917500000,51790360000,51642520000,0,0,113129900,0.002190634,100,101,101,101,101,101,32.3,243.6,121.2,245737600,1072914,664087,9602331,94.8
"T2T-CHM13","PMB2_36_CFDNA_S7","Breast cancer
WES",408496100,0,408496100,1,204247300,204248800,408023900,408021000,472138,399274600,408496100,0,79468010,0,449768,41160860000,20584500000,20576360000,41113480000,41079910000,0,0,83529910,0.002033352,100,101,101,101,101,101,32.8,249.6,121.3,200138900,680315,216000,2975249,97.7
"T2T-CHM13","PMB2_8_2_CFDNA_S5","Breast cancer
WES",484361700,0,484361700,1,242179000,242182600,483860600,483855600,501107,464631400,484361700,0,98046260,0,811433,48796970000,24403710000,24393260000,48746760000,48696420000,0,0,98910940,0.002031175,100,101,101,101,101,101,32.9,243.2,124.3,233669500,1126348,439215,6692729,95.9
"T2T-CHM13","PMB2_11_CFDNA_S5","Breast cancer
WES",428533200,0,428533200,1,214264500,214268700,428083700,428077700,449469,411141200,428533200,0,77345910,0,655531,43202320000,21609240000,21593080000,43157320000,43118360000,0,0,96390180,0.002235479,100,101,101,101,101,101,31.2,243.3,122.1,207150800,700718,396529,5790755,95.9
"T2T-CHM13","PMB2_15_CFDNA_S6","Breast cancer
WES",432439600,0,432439600,1,216216900,216222700,431947600,431943000,491996,399791100,432439600,0,83293420,0,1024964,4.3587e+10,21799810000,21787190000,43537710000,43483990000,0,0,95295050,0.002191498,100,101,101,101,101,101,31.1,326.6,876.2,210603200,1514265,1392225,2461803,92.5
"T2T-CHM13","PMB2_9_CFDNA_S4","Breast cancer
WES",426726500,0,426726500,1,213361300,213365100,426273400,426268900,453036,411682300,426726500,0,82027420,0,944968,43011380000,21512690000,21498690000,42965980000,42914390000,0,0,95474120,0.002224758,100,101,101,101,101,101,31,234.6,120.4,209463900,1096746,607203,1966631,96.5
"hg38","ERR3240118","1kGP WGS",690377600,0,690377600,1,345109100,345268500,689585000,689082500,792677,676277000,690377600,0,33090280,0,3071876,103337700000,51687490000,51650160000,103231400000,1.02545e+11,0,0,495255700,0.004829643,149,150,150,150,150,150,29.4,452.4,103.2,338338400,1366631,270162,4566033,98
"hg38","ERR3240247","1kGP WGS",837875500,0,837875500,1,418862800,419012800,836997200,836480100,878299,823597900,837875500,0,36671920,0,3278324,1.2538e+11,62696940000,62683080000,125260900000,124420400000,0,0,605692300,0.004868112,149,150,150,150,150,150,29.8,443.1,103.4,412207700,1762983,271960,3997418,98.3
"hg38","ERR3240252","1kGP WGS",645636700,0,645636700,1,322767500,322869200,644810400,644328900,826300,633496500,645636700,0,28018560,0,2885496,96577430000,48295660000,48281770000,96468350000,95797650000,0,0,491976000,0.005135575,149,150,150,150,150,150,29.7,424.3,100,316862700,1317806,248286,3735708,98.1
"hg38","ERR3240256","1kGP WGS",657333300,0,657333300,1,328583800,328749500,656509100,655983600,824169,644463300,657333300,0,29361280,0,2997777,98347270000,49196960000,49150310000,98240420000,97586050000,0,0,426223900,0.004367672,149,150,150,150,150,150,30.5,427.3,97.7,322306300,1524306,238519,3922713,98
"hg38","ERR3240260","1kGP WGS",721604200,0,721604200,1,360743800,360860400,720979000,720599500,625200,705447200,721604200,0,36117670,0,3386170,107938200000,54010940000,53927240000,107857400000,107102500000,0,0,524279900,0.004895124,149,150,149,150,150,150,28.8,441.8,107.5,353396800,2465453,278388,4159142,97.8
"hg38","ERR3241666","1kGP WGS",620857500,0,620857500,1,310378200,310479300,620290800,619933600,566734,609459400,620857500,0,28747980,0,2746205,92744830000,46479540000,46265300000,92670970000,92110240000,0,0,432675900,0.00469737,149,150,149,150,150,150,30.3,438.2,103.2,304892200,1269749,235529,3569283,98.2
"hg38","ERR3241678","1kGP WGS",753114400,0,753114400,1,376495900,376618500,752418800,751996200,695639,738763400,753114400,0,35088390,0,3228923,112693600000,56357160000,56336470000,112600400000,1.11876e+11,0,0,507413800,0.004535503,149,150,150,150,150,150,30.5,440.6,102.7,369824400,1652678,244230,4276774,98.1
"hg38","ERR3241681","1kGP WGS",665319200,0,665319200,1,332600000,332719200,664548400,664059900,770794,651964400,665319200,0,31850840,0,2629984,99556160000,49787630000,49768520000,99452190000,98779520000,0,0,508759700,0.005150457,149,150,150,150,150,150,29.4,445.4,104.4,326422100,1520331,234549,3852963,98
"hg38","ERR3241688","1kGP WGS",699949800,0,699949800,1,349910300,350039600,699202600,698735000,747202,686087900,699949800,0,31683400,0,2937097,104784400000,52399530000,52384860000,104682300000,103983600000,0,0,496516100,0.004774944,149,150,150,150,150,150,30.2,441.7,100.8,343583500,1496865,250453,4036684,98
"hg38","ERR3241696","1kGP WGS",691512400,0,691512400,1,345683600,345828800,690766500,690301200,745924,677546300,691512400,0,31323390,0,3111034,103464500000,51752780000,51711690000,103367300000,102710500000,0,0,458547400,0.004464464,149,150,150,150,150,150,30.2,438.4,102.3,338933900,1729295,255369,4232014,98
"hg38","ERR3241802","1kGP WGS",653359300,0,653359300,1,326620100,326739200,652707400,652301000,651901,638347100,653359300,0,31274680,0,2851634,97766790000,48900160000,48866630000,97683720000,97091860000,0,0,433876800,0.004468724,149,150,150,150,150,150,29.7,438.5,103,319928700,1853979,235857,4131944,97.7
"hg38","ERR3241862","1kGP WGS",760669600,0,760669600,1,380259100,380410500,759892100,759388400,777528,745720700,760669600,0,37006200,0,3380718,113845200000,56945930000,56899240000,113745600000,1.13041e+11,0,0,502266400,0.004443225,149,150,150,150,150,150,29.3,435.8,102.5,373055200,1696959,286405,4655621,98
"hg38","ERR3242202","1kGP WGS",661884100,0,661884100,1,330864100,331020000,661114600,660652400,769554,647449100,661884100,0,33581530,0,3077450,99038240000,49522980000,49515260000,98935090000,98230970000,0,0,494766700,0.005036769,149,150,150,150,150,150,28.8,448.5,101.9,323952700,1845346,245894,4282251,97.8
"hg38","ERR3242223","1kGP WGS",820516100,0,820516100,1,410175700,410340500,819650300,819116100,865824,801457800,820516100,0,37517000,0,4056232,1.22773e+11,61424350000,61348640000,122660600000,1.21715e+11,0,0,572236300,0.004701445,149,150,150,150,150,150,29.8,436.4,102.8,401488900,2203665,310318,5555217,97.7
"hg38","ERR3242235","1kGP WGS",863967300,0,863967300,1,431897200,432070100,863100200,862586600,867130,846405100,863967300,0,39974770,0,3872483,129290600000,64666020000,64624530000,129178400000,1.28403e+11,0,0,603548500,0.004700423,149,150,150,150,150,150,29.7,430.3,100.4,423489700,2082342,384614,5336669,98
"hg38","ERR3242294","1kGP WGS",687194600,0,687194600,1,343507600,343687100,686223600,685691300,971017,672545700,687194600,0,34140110,0,3589857,102820900000,51431270000,51389640000,1.02692e+11,101945400000,0,0,495502900,0.004860475,149,150,150,150,150,150,28.9,425.8,98.4,336399100,1524363,288043,4634131,97.9
"hg38","ERR3242299","1kGP WGS",693541300,0,693541300,1,346703900,346837400,692842300,692415500,699003,680241900,693541300,0,32969300,0,3181922,103801700000,51924340000,51877330000,103710100000,103065400000,0,0,469177500,0.004552231,149,150,150,150,150,150,29.6,425.2,97,340348300,1291826,275495,4292121,98.1
"hg38","ERR3242303","1kGP WGS",858634200,0,858634200,1,429231100,429403100,857759600,857218800,874604,840299800,858634200,0,41572430,0,4021156,1.28499e+11,64289170000,64209860000,128384600000,127381700000,0,0,632477800,0.004965218,149,150,150,150,150,150,29.3,444.1,105.1,420964400,2296946,331483,5016590,97.9
"hg38","ERR3242307","1kGP WGS",602926700,0,602926700,1,301397200,301529500,602219400,601765400,707261,591178000,602926700,0,25722620,0,2903325,90283780000,45140830000,45142950000,90187030000,89542680000,0,0,418757800,0.004676628,149,150,150,150,150,150,29.8,434.5,100.9,295731700,1091659,232672,3826679,98.1
"hg38","ERR3242637","1kGP WGS",689034200,0,689034200,1,344447900,344586400,688320900,687872600,713283,674817200,689034200,0,31952140,0,3417490,103132700000,51578620000,51554060000,103039100000,102354100000,0,0,458423400,0.004478797,149,150,150,150,150,150,29.7,459,110.4,337464300,1608064,298756,4565172,97.9
"hg38","ERR3243009","1kGP WGS",655916300,0,655916300,1,327873400,328042800,655112900,654601800,803364,640094600,655916300,0,33386410,0,3165715,98190620000,49118100000,49072520000,98086030000,97396330000,0,0,444281600,0.004561584,149,150,150,150,150,150,29.4,449.9,104.3,320708200,1628112,270179,4694446,97.6
"hg38","ERR3243012","1kGP WGS",636024600,0,636024600,1,317944000,318080600,635269000,634782000,755577,622300100,636024600,0,29406640,0,2831192,95157690000,47588070000,47569620000,95058450000,94417870000,0,0,431884200,0.004574178,149,150,150,150,150,150,30.4,442.7,103.8,311705400,1481635,239025,3964947,97.8
"hg38","ERR3243016","1kGP WGS",635822300,0,635822300,1,317848200,317974100,635120800,634678600,701481,623118200,635822300,0,29890350,0,3018399,95137680000,47575650000,47562030000,95045780000,94378740000,0,0,428951700,0.004545003,149,150,150,150,150,150,30,449.8,104.5,311738600,1260236,242018,4098436,98
"hg38","ERR3243045","1kGP WGS",708260500,0,708260500,1,354051100,354209500,707451400,706973900,809120,692842900,708260500,0,35422220,0,3235525,105956400000,52991040000,52965350000,105854600000,105212400000,0,0,460081800,0.004372885,149,150,150,150,150,150,29.7,412,95.4,346856500,1789367,285618,4555454,97.8
"hg38","ERR3243047","1kGP WGS",661466800,0,661466800,1,330660900,330805900,660694400,660208500,772379,648438000,661466800,0,29921210,0,2784594,99011700000,49507660000,49504040000,98906280000,98233090000,0,0,476321400,0.00484889,149,150,150,150,150,150,29.6,448.2,102.1,324414500,1231363,251177,4207169,98
"T2T-CHM13","ERR3240118","1kGP WGS",694349700,0,694349700,1,347108300,347241400,692770000,692252700,1579693,684380000,694349700,0,45367720,0,3971682,1.03931e+11,51986370000,51944630000,103706500000,103080300000,0,0,393096100,0.003813494,149,150,150,150,150,150,33.7,452.1,100.7,342242400,491315,198278,3194338,98.6
"T2T-CHM13","ERR3240247","1kGP WGS",842346600,0,842346600,1,421111700,421234900,839196800,838660200,3149851,831603800,842346600,0,49521680,0,3733864,126045600000,63032110000,63013500000,125586300000,124819400000,0,0,513885300,0.00411703,149,150,150,150,150,150,33.4,442.3,101,415727500,682651,219079,2700810,98.7
"T2T-CHM13","ERR3240252","1kGP WGS",648276700,0,648276700,1,324096400,324180300,646481800,645986300,1794884,639080600,648276700,0,38176420,0,3272558,96970210000,48493550000,48476650000,96715800000,96106560000,0,0,416286800,0.004331513,149,150,150,150,150,150,33.1,424,97.8,319485200,558951,184673,2764337,98.6
"T2T-CHM13","ERR3240256","1kGP WGS",661008200,0,661008200,1,330435200,330573000,658841500,658300300,2166724,651003800,661008200,0,40751430,0,3613698,98894460000,49473030000,49421430000,98586240000,97986780000,0,0,342589600,0.003496283,149,150,150,150,150,150,33.3,426.9,95,325507400,530824,222783,2889150,98.5
"T2T-CHM13","ERR3240260","1kGP WGS",726912900,0,726912900,1,363408500,363504400,725625400,725227400,1287474,717921300,726912900,0,50909440,0,3720047,108730500000,54409250000,54321220000,108550300000,1.07883e+11,0,0,409426100,0.003795093,149,150,149,150,150,150,33.1,440.1,102.4,358933000,682687,265341,2732655,98.8
"T2T-CHM13","ERR3241666","1kGP WGS",623952800,0,623952800,1,311933800,312018900,622878300,622508000,1074455,615849300,623952800,0,39350300,0,3074536,93205650000,46711900000,46493750000,93055550000,92551630000,0,0,364277000,0.003935933,149,150,149,150,150,150,33.3,438,100.9,307971400,508764,198190,2575672,98.7
"T2T-CHM13","ERR3241678","1kGP WGS",756468200,0,756468200,1,378183100,378285000,754352100,753910800,2116061,745959400,756468200,0,45816720,0,3930263,113192900000,56608550000,56584380000,1.12887e+11,112215900000,0,0,431314200,0.003843612,149,150,150,150,150,150,33.1,439.8,100.3,372950000,665650,258531,3081191,98.6
"T2T-CHM13","ERR3241681","1kGP WGS",668960700,0,668960700,1,334431700,334529100,666982900,666478100,1977802,659879300,668960700,0,43374580,0,3578024,100099300000,50061050000,50038270000,99814420000,99182620000,0,0,426126400,0.004296382,149,150,150,150,150,150,32.8,444.6,101.4,329938900,500171,180023,2619903,98.6
"T2T-CHM13","ERR3241688","1kGP WGS",702606300,0,702606300,1,351248400,351357900,700957900,700473400,1648336,692833400,702606300,0,41618790,0,3607511,105180500000,52599190000,52581280000,104943200000,104287900000,0,0,430768700,0.004130574,149,150,150,150,150,150,33.3,440.8,98.2,346452500,532684,204335,3047223,98.6
"T2T-CHM13","ERR3241696","1kGP WGS",695034100,0,695034100,1,347455000,347579200,693591300,693112700,1442833,684944200,695034100,0,42764130,0,4057450,103989300000,52017080000,51972250000,103787400000,103169600000,0,0,381569800,0.003698472,149,150,150,150,150,150,33.3,438,99.4,342486100,615976,269051,3185230,98.5
"T2T-CHM13","ERR3241802","1kGP WGS",656495700,0,656495700,1,328202100,328293600,652813500,652391500,3682121,645400000,656495700,0,40766600,0,3499446,98235370000,49136580000,49098790000,9.7699e+10,97170340000,0,0,333109900,0.003428102,149,150,150,150,150,150,32.9,436.9,98.8,322706800,485607,163669,2839634,98.3
"T2T-CHM13","ERR3241862","1kGP WGS",765607500,0,765607500,1,382740000,382867500,764528600,764008100,1078921,755870100,765607500,0,51463700,0,3997738,114582500000,57316650000,57265860000,114437200000,113814300000,0,0,390458800,0.003430665,149,150,150,150,150,150,32.7,435.5,99.7,377992900,616847,250349,3143940,98.7
"T2T-CHM13","ERR3242202","1kGP WGS",667882300,0,667882300,1,333890300,333991900,657494100,657005200,10388180,649409100,667882300,0,45729540,0,3988442,99934070000,49974920000,49959150000,98395770000,97756710000,0,0,390578500,0.003995414,149,150,150,150,150,150,32.8,447.8,98.3,324788500,546026,244498,2923648,97.2
"T2T-CHM13","ERR3242223","1kGP WGS",824111800,0,824111800,1,411987400,412124400,821600200,821040600,2511618,810250000,824111800,0,49397690,0,4710674,123309500000,6.1695e+10,61614470000,122950600000,122066600000,0,0,496343300,0.004066166,149,150,150,150,150,150,31.9,435.1,99.4,405211400,648882,335577,4324444,98.3
"T2T-CHM13","ERR3242235","1kGP WGS",869572200,0,869572200,1,434713700,434858500,867862700,867323100,1709525,857237000,869572200,0,56010180,0,5106851,130127600000,65086890000,65040690000,129888700000,129163400000,0,0,516474300,0.003998613,149,150,150,150,150,150,32.2,429.9,97.5,428668400,732135,295795,3965272,98.6
"T2T-CHM13","ERR3242294","1kGP WGS",692424000,0,692424000,1,346136400,346287600,691118700,690560600,1305311,681915500,692424000,0,48578010,0,4116027,103600400000,51823640000,51776800000,103420700000,102742600000,0,0,414596900,0.004035298,149,150,150,150,150,150,31.9,425.5,96.2,340954100,728039,298065,3300100,98.5
"T2T-CHM13","ERR3242299","1kGP WGS",697416800,0,697416800,1,348652800,348764000,695670700,695220100,1746081,687232800,697416800,0,45682900,0,3899938,104380400000,52215620000,52164790000,104131900000,103537300000,0,0,396300100,0.003827606,149,150,150,150,150,150,32.3,425,95.1,343701500,573645,244273,3090597,98.5
"T2T-CHM13","ERR3242303","1kGP WGS",864747700,0,864747700,1,432303400,432444300,862894000,862322900,1853740,852891000,864747700,0,58159280,0,4439067,1.29412e+11,64748510000,64663450000,129150600000,128231300000,0,0,541624300,0.004223807,149,150,150,150,150,150,31.8,442.8,101.5,426594700,721723,310922,3534060,98.6
"T2T-CHM13","ERR3242307","1kGP WGS",605230200,0,605230200,1,302558300,302671900,603772400,603301500,1457876,596030600,605230200,0,34662190,0,3790179,90627990000,45314370000,45313620000,90418550000,89801310000,0,0,364401200,0.004057861,149,150,150,150,150,150,32,434.4,99,298069700,457358,212040,2911622,98.5
"T2T-CHM13","ERR3242637","1kGP WGS",693583100,0,693583100,1,346735400,346847700,690582900,690114100,3000191,681660600,693583100,0,44359880,0,3997538,103811800000,51920340000,51891490000,1.03376e+11,102751800000,0,0,367087700,0.003572568,149,150,150,150,150,150,33.2,458.6,107.3,340847200,556948,260913,3391968,98.3
"T2T-CHM13","ERR3243009","1kGP WGS",660024500,0,660024500,1,329942300,330082100,658412600,657885500,1611877,649443700,660024500,0,45564580,0,4195790,98804490000,49427450000,49377040000,98578250000,97934750000,0,0,346920800,0.003542367,149,150,150,150,150,150,33.4,448.7,100.8,324822600,511966,243265,3364929,98.4
"T2T-CHM13","ERR3243012","1kGP WGS",638581100,0,638581100,1,319233100,319348000,636982900,636481900,1598190,629031700,638581100,0,38945710,0,3915193,95538750000,47780330000,47758410000,95312890000,94697270000,0,0,359164700,0.003792767,149,150,150,150,150,150,33.4,441.5,100.8,314518200,511384,195976,3015338,98.5
"T2T-CHM13","ERR3243016","1kGP WGS",638667500,0,638667500,1,319286500,319381000,633732900,633273600,4934652,625752400,638667500,0,38546430,0,3596726,95562120000,47790240000,47771880000,94838240000,94226970000,0,0,350741100,0.003722301,149,150,150,150,150,150,33.4,449.5,102.2,312891300,518371,234967,2992143,98
"T2T-CHM13","ERR3243045","1kGP WGS",712791200,0,712791200,1,356329500,356461700,710760800,710266700,2030392,701892100,712791200,0,47650170,0,4070657,106633300000,53331510000,53301760000,106348300000,1.05757e+11,0,0,365898300,0.003459802,149,150,150,150,150,150,33.8,411.1,92.4,350977900,599219,221936,3334281,98.5
"T2T-CHM13","ERR3243047","1kGP WGS",664572300,0,664572300,1,332229700,332342600,659604300,659101700,4967991,651240100,664572300,0,39748410,0,4148370,99475900000,49742170000,49733730000,98743440000,98085550000,0,0,395067200,0.004027782,149,150,150,150,150,150,32.6,448.1,100.1,325671000,504712,237003,3138149,98
"hg38","SRX5437525_SRR8639208","CCLE WGS",1253165000,0,1253165000,1,626581900,626582800,1253015000,1252987000,149864,1243851000,1253165000,0,61391830,0,1156851,124669400000,62620810000,62048550000,124654500000,124461100000,0,0,351850500,0.002826992,99,100,99,101,101,101,30.8,269.4,99.8,611864100,11215360,238529,3175307,99.3
"hg38","SRX5437544_SRR8639189","CCLE WGS",260253400,0,260253400,1,130126700,130126700,260250300,260247700,3082,259477200,260253400,0,7896135,0,114514,26064410000,13046520000,13017890000,26064100000,26049660000,0,0,55856580,0.002144234,100,100,100,101,101,101,33,298.8,92.5,128293700,1537355,33250,259589,99.7
"hg38","SRX5437566_SRR8639167","CCLE WGS",1345549000,0,1345549000,1,672774300,672774200,1345405000,1345379000,143323,1332327000,1345549000,0,66662610,0,1688275,134692100000,67439880000,67252270000,134677800000,134451100000,0,0,337157300,0.002507657,100,100,100,101,101,101,31.1,281.7,101.1,656957000,10440740,337782,4953771,99
"hg38","SRX5437579_SRR8639154","CCLE WGS",984129600,0,984129600,1,492064400,492065300,983871400,983832000,258275,921388800,984129600,0,54989390,0,968550,98353010000,49294460000,49058550000,98327670000,98167040000,0,0,291178500,0.002966153,99,100,100,101,101,101,30.7,323.9,82.5,482962400,4356226,544339,4053054,93.6
"hg38","SRX5437580_SRR8639153","CCLE WGS",1276844000,0,1276844000,1,638419500,638424900,1276651000,1276606000,193454,1157072000,1276844000,0,65835190,0,1330333,124197700000,64138200000,60059490000,124179100000,123969300000,0,0,396273100,0.003196542,97,100,94,101,101,101,30.7,326.4,79.3,625579300,5188608,842584,6692501,90.6
"hg38","SRX5437581_SRR8639152","CCLE WGS",994839600,0,994839600,1,497419300,497420300,994555900,994515000,283730,907228400,994839600,0,63045550,0,1115780,99407030000,49814600000,49592420000,99379160000,99183080000,0,0,325249500,0.003279284,99,100,100,101,101,101,29.9,328.9,66.8,487781000,3936083,715521,4824924,91.2
"hg38","SRX5437595_SRR8639138","CCLE WGS",908448000,0,908448000,1,454221200,454226900,908079000,908029400,369061,817535800,908448000,0,56868540,0,1364581,90107990000,45322590000,44785410000,90072320000,89866980000,0,0,369546200,0.004112147,99,100,99,101,101,101,30,328.1,64.1,443325500,3604826,818854,6265561,90
"hg38","SRX5578769_SRR8788980","CCLE WGS",1122937000,0,1122937000,1,561468600,561468600,1122802000,1122782000,134908,1105645000,1122937000,0,50842260,0,2930672,112297500000,56236660000,56060860000,1.12284e+11,1.12011e+11,0,0,285013500,0.002544514,100,100,100,101,101,101,30.8,267.8,98.3,543139900,10744880,458052,7048029,98.5
"T2T-CHM13","SRX5437525_SRR8639208","CCLE WGS",1259020000,0,1259020000,1,629509700,629510200,1258810000,1258777000,210282,1253564000,1259020000,0,76318760,0,501030,125250400000,62912570000,62337800000,125229500000,125157500000,0,0,279496500,0.002233158,99,100,99,101,101,101,33.2,269.7,99.3,616724400,10326920,127248,2209942,99.6
"T2T-CHM13","SRX5437544_SRR8639189","CCLE WGS",918933200,0,918933200,1,459466700,459466500,918738000,918707200,195243,913669100,918933200,0,59228050,0,469824,92005050000,46056440000,45948600000,91985460000,91925250000,0,0,194356600,0.002114289,100,100,100,101,101,101,33,299.1,92.2,452038300,5083641,149916,2081768,99.4
"T2T-CHM13","SRX5437566_SRR8639167","CCLE WGS",1355235000,0,1355235000,1,677617600,677617600,1354991000,1354957000,244335,1345759000,1355235000,0,86210120,0,1019506,1.35662e+11,67925470000,67736490000,135637500000,135529100000,0,0,266108600,0.00196348,100,100,100,101,101,101,33.5,282,100.5,663743600,9536871,247267,3950688,99.3
"T2T-CHM13","SRX5437579_SRR8639154","CCLE WGS",991260800,0,991260800,1,495630400,495630400,990932700,990888700,328107,931686500,991260800,0,72020980,0,380535,99065180000,49651530000,49413640000,99032810000,98976950000,0,0,231850700,0.002342472,99,100,100,101,101,101,33.2,324.1,81.3,487990200,3786333,434286,3233490,94
"T2T-CHM13","SRX5437580_SRR8639153","CCLE WGS",1285081000,0,1285081000,1,642540000,642541500,1284728000,1284671000,353804,1168746000,1285081000,0,84126610,0,740154,124994500000,64552280000,60442240000,124960300000,1.24867e+11,0,0,328657600,0.002632061,97,100,94,101,101,101,33.2,326.9,78.6,631496300,4666448,712958,5459773,90.9
"T2T-CHM13","SRX5437581_SRR8639152","CCLE WGS",1005186000,0,1005186000,1,502592500,502593100,1004835000,1004790000,350227,920029000,1005186000,0,82782040,0,316454,100439400000,50332010000,50107430000,100404800000,100349300000,0,0,253926500,0.002530425,99,100,100,101,101,101,32.3,329.6,66.1,494368500,3743082,875168,3408207,91.5
"T2T-CHM13","SRX5437595_SRR8639138","CCLE WGS",918273400,0,918273400,1,459135100,459138200,917851700,917799200,421702,832301800,918273400,0,75094980,0,784818,91077330000,45811210000,45266130000,91036290000,90948130000,0,0,304213600,0.003344914,99,100,99,101,101,101,32.6,328.1,62.7,450192800,3102001,761312,4843432,90.6
"T2T-CHM13","SRX5578769_SRR8788980","CCLE WGS",1130227000,0,1130227000,1,565113800,565113500,1130014000,1129989000,213277,1115520000,1130227000,0,65457420,0,2413377,113026900000,56602220000,56424670000,113005500000,112822600000,0,0,227692600,0.002018147,100,100,100,101,101,101,33,268.2,97.9,548104900,10153740,432908,6303085,98.7
